step,time,z_num,vz_num,z_exact,vz_exact,error_z
0,0.0000000000e+00,4.9999901900e+00,-9.8100000000e-03,5.0000000000e+00,-0.0000000000e+00,9.8099999999e-06
1,1.0000000000e-03,4.9999705700e+00,-1.9620000000e-02,4.9999950950e+00,-9.8100000000e-03,2.4525000000e-05
2,2.0000000000e-03,4.9999411400e+00,-2.9430000000e-02,4.9999803800e+00,-1.9620000000e-02,3.9240000000e-05
3,3.0000000000e-03,4.9999019000e+00,-3.9240000000e-02,4.9999558550e+00,-2.9430000000e-02,5.3954999999e-05
4,4.0000000000e-03,4.9998528500e+00,-4.9050000000e-02,4.9999215200e+00,-3.9240000000e-02,6.8670000000e-05
5,5.0000000000e-03,4.9997939900e+00,-5.8860000000e-02,4.9998773750e+00,-4.9050000000e-02,8.3385000000e-05
6,6.0000000000e-03,4.9997253200e+00,-6.8670000000e-02,4.9998234200e+00,-5.8860000000e-02,9.8100000001e-05
7,7.0000000000e-03,4.9996468400e+00,-7.8480000000e-02,4.9997596550e+00,-6.8670000000e-02,1.1281500000e-04
8,8.0000000000e-03,4.9995585500e+00,-8.8290000000e-02,4.9996860800e+00,-7.8480000000e-02,1.2753000000e-04
9,9.0000000000e-03,4.9994604500e+00,-9.8100000000e-02,4.9996026950e+00,-8.8290000000e-02,1.4224500000e-04
10,1.0000000000e-02,4.9993525400e+00,-1.0791000000e-01,4.9995095000e+00,-9.8100000000e-02,1.5696000000e-04
11,1.1000000000e-02,4.9992348200e+00,-1.1772000000e-01,4.9994064950e+00,-1.0791000000e-01,1.7167500000e-04
12,1.2000000000e-02,4.9991072900e+00,-1.2753000000e-01,4.9992936800e+00,-1.1772000000e-01,1.8639000000e-04
13,1.3000000000e-02,4.9989699500e+00,-1.3734000000e-01,4.9991710550e+00,-1.2753000000e-01,2.0110500000e-04
14,1.4000000000e-02,4.9988228000e+00,-1.4715000000e-01,4.9990386200e+00,-1.3734000000e-01,2.1582000000e-04
15,1.5000000000e-02,4.9986658400e+00,-1.5696000000e-01,4.9988963750e+00,-1.4715000000e-01,2.3053500000e-04
16,1.6000000000e-02,4.9984990700e+00,-1.6677000000e-01,4.9987443200e+00,-1.5696000000e-01,2.4525000000e-04
17,1.7000000000e-02,4.9983224900e+00,-1.7658000000e-01,4.9985824550e+00,-1.6677000000e-01,2.5996500000e-04
18,1.8000000000e-02,4.9981361000e+00,-1.8639000000e-01,4.9984107800e+00,-1.7658000000e-01,2.7468000000e-04
19,1.9000000000e-02,4.9979399000e+00,-1.9620000000e-01,4.9982292950e+00,-1.8639000000e-01,2.8939500000e-04
20,2.0000000000e-02,4.9977338900e+00,-2.0601000000e-01,4.9980380000e+00,-1.9620000000e-01,3.0411000000e-04
21,2.1000000000e-02,4.9975180700e+00,-2.1582000000e-01,4.9978368950e+00,-2.0601000000e-01,3.1882500000e-04
22,2.2000000000e-02,4.9972924400e+00,-2.2563000000e-01,4.9976259800e+00,-2.1582000000e-01,3.3354000000e-04
23,2.3000000000e-02,4.9970570000e+00,-2.3544000000e-01,4.9974052550e+00,-2.2563000000e-01,3.4825500000e-04
24,2.4000000000e-02,4.9968117500e+00,-2.4525000000e-01,4.9971747200e+00,-2.3544000000e-01,3.6297000000e-04
25,2.5000000000e-02,4.9965566900e+00,-2.5506000000e-01,4.9969343750e+00,-2.4525000000e-01,3.7768500000e-04
26,2.6000000000e-02,4.9962918200e+00,-2.6487000000e-01,4.9966842200e+00,-2.5506000000e-01,3.9240000000e-04
27,2.7000000000e-02,4.9960171400e+00,-2.7468000000e-01,4.9964242550e+00,-2.6487000000e-01,4.0711500000e-04
28,2.8000000000e-02,4.9957326500e+00,-2.8449000000e-01,4.9961544800e+00,-2.7468000000e-01,4.2183000000e-04
29,2.9000000000e-02,4.9954383500e+00,-2.9430000000e-01,4.9958748950e+00,-2.8449000000e-01,4.3654500000e-04
30,3.0000000000e-02,4.9951342400e+00,-3.0411000000e-01,4.9955855000e+00,-2.9430000000e-01,4.5126000000e-04
31,3.1000000000e-02,4.9948203200e+00,-3.1392000000e-01,4.9952862950e+00,-3.0411000000e-01,4.6597500000e-04
32,3.2000000000e-02,4.9944965900e+00,-3.2373000000e-01,4.9949772800e+00,-3.1392000000e-01,4.8069000000e-04
33,3.3000000000e-02,4.9941630500e+00,-3.3354000000e-01,4.9946584550e+00,-3.2373000000e-01,4.9540500000e-04
34,3.4000000000e-02,4.9938197000e+00,-3.4335000000e-01,4.9943298200e+00,-3.3354000000e-01,5.1012000000e-04
35,3.5000000000e-02,4.9934665400e+00,-3.5316000000e-01,4.9939913750e+00,-3.4335000000e-01,5.2483500000e-04
36,3.6000000000e-02,4.9931035700e+00,-3.6297000000e-01,4.9936431200e+00,-3.5316000000e-01,5.3955000000e-04
37,3.7000000000e-02,4.9927307900e+00,-3.7278000000e-01,4.9932850550e+00,-3.6297000000e-01,5.5426500000e-04
38,3.8000000000e-02,4.9923482000e+00,-3.8259000000e-01,4.9929171800e+00,-3.7278000000e-01,5.6898000000e-04
39,3.9000000000e-02,4.9919558000e+00,-3.9240000000e-01,4.9925394950e+00,-3.8259000000e-01,5.8369500000e-04
40,4.0000000000e-02,4.9915535900e+00,-4.0221000000e-01,4.9921520000e+00,-3.9240000000e-01,5.9841000000e-04
41,4.1000000000e-02,4.9911415700e+00,-4.1202000000e-01,4.9917546950e+00,-4.0221000000e-01,6.1312500000e-04
42,4.2000000000e-02,4.9907197400e+00,-4.2183000000e-01,4.9913475800e+00,-4.1202000000e-01,6.2784000000e-04
43,4.3000000000e-02,4.9902881000e+00,-4.3164000000e-01,4.9909306550e+00,-4.2183000000e-01,6.4255500000e-04
44,4.4000000000e-02,4.9898466500e+00,-4.4145000000e-01,4.9905039200e+00,-4.3164000000e-01,6.5727000000e-04
45,4.5000000000e-02,4.9893953900e+00,-4.5126000000e-01,4.9900673750e+00,-4.4145000000e-01,6.7198500000e-04
46,4.6000000000e-02,4.9889343200e+00,-4.6107000000e-01,4.9896210200e+00,-4.5126000000e-01,6.8670000000e-04
47,4.7000000000e-02,4.9884634400e+00,-4.7088000000e-01,4.9891648550e+00,-4.6107000000e-01,7.0141500000e-04
48,4.8000000000e-02,4.9879827500e+00,-4.8069000000e-01,4.9886988800e+00,-4.7088000000e-01,7.1613000000e-04
49,4.9000000000e-02,4.9874922500e+00,-4.9050000000e-01,4.9882230950e+00,-4.8069000000e-01,7.3084500000e-04
50,5.0000000000e-02,4.9869919400e+00,-5.0031000000e-01,4.9877375000e+00,-4.9050000000e-01,7.4556000000e-04
51,5.1000000000e-02,4.9864818200e+00,-5.1012000000e-01,4.9872420950e+00,-5.0031000000e-01,7.6027500000e-04
52,5.2000000000e-02,4.9859618900e+00,-5.1993000000e-01,4.9867368800e+00,-5.1012000000e-01,7.7499000000e-04
53,5.3000000000e-02,4.9854321500e+00,-5.2974000000e-01,4.9862218550e+00,-5.1993000000e-01,7.8970500000e-04
54,5.4000000000e-02,4.9848926000e+00,-5.3955000000e-01,4.9856970200e+00,-5.2974000000e-01,8.0442000000e-04
55,5.5000000000e-02,4.9843432400e+00,-5.4936000000e-01,4.9851623750e+00,-5.3955000000e-01,8.1913500000e-04
56,5.6000000000e-02,4.9837840700e+00,-5.5917000000e-01,4.9846179200e+00,-5.4936000000e-01,8.3385000000e-04
57,5.7000000000e-02,4.9832150900e+00,-5.6898000000e-01,4.9840636550e+00,-5.5917000000e-01,8.4856500000e-04
58,5.8000000000e-02,4.9826363000e+00,-5.7879000000e-01,4.9834995800e+00,-5.6898000000e-01,8.6328000000e-04
59,5.9000000000e-02,4.9820477000e+00,-5.8860000000e-01,4.9829256950e+00,-5.7879000000e-01,8.7799500000e-04
60,6.0000000000e-02,4.9814492900e+00,-5.9841000000e-01,4.9823420000e+00,-5.8860000000e-01,8.9271000000e-04
61,6.1000000000e-02,4.9808410700e+00,-6.0822000000e-01,4.9817484950e+00,-5.9841000000e-01,9.0742500000e-04
62,6.2000000000e-02,4.9802230400e+00,-6.1803000000e-01,4.9811451800e+00,-6.0822000000e-01,9.2214000000e-04
63,6.3000000000e-02,4.9795952000e+00,-6.2784000000e-01,4.9805320550e+00,-6.1803000000e-01,9.3685500000e-04
64,6.4000000000e-02,4.9789575500e+00,-6.3765000000e-01,4.9799091200e+00,-6.2784000000e-01,9.5157000000e-04
65,6.5000000000e-02,4.9783100900e+00,-6.4746000000e-01,4.9792763750e+00,-6.3765000000e-01,9.6628500000e-04
66,6.6000000000e-02,4.9776528200e+00,-6.5727000000e-01,4.9786338200e+00,-6.4746000000e-01,9.8100000000e-04
67,6.7000000000e-02,4.9769857400e+00,-6.6708000000e-01,4.9779814550e+00,-6.5727000000e-01,9.9571500000e-04
68,6.8000000000e-02,4.9763088500e+00,-6.7689000000e-01,4.9773192800e+00,-6.6708000000e-01,1.0104300000e-03
69,6.9000000000e-02,4.9756221500e+00,-6.8670000000e-01,4.9766472950e+00,-6.7689000000e-01,1.0251450000e-03
70,7.0000000000e-02,4.9749256400e+00,-6.9651000000e-01,4.9759655000e+00,-6.8670000000e-01,1.0398600000e-03
71,7.1000000000e-02,4.9742193200e+00,-7.0632000000e-01,4.9752738950e+00,-6.9651000000e-01,1.0545750000e-03
72,7.2000000000e-02,4.9735031900e+00,-7.1613000000e-01,4.9745724800e+00,-7.0632000000e-01,1.0692900000e-03
73,7.3000000000e-02,4.9727772500e+00,-7.2594000000e-01,4.9738612550e+00,-7.1613000000e-01,1.0840050000e-03
74,7.4000000000e-02,4.9720415000e+00,-7.3575000000e-01,4.9731402200e+00,-7.2594000000e-01,1.0987200000e-03
75,7.5000000000e-02,4.9712959400e+00,-7.4556000000e-01,4.9724093750e+00,-7.3575000000e-01,1.1134350000e-03
76,7.6000000000e-02,4.9705405700e+00,-7.5537000000e-01,4.9716687200e+00,-7.4556000000e-01,1.1281500000e-03
77,7.7000000000e-02,4.9697753900e+00,-7.6518000000e-01,4.9709182550e+00,-7.5537000000e-01,1.1428650000e-03
78,7.8000000000e-02,4.9690004000e+00,-7.7499000000e-01,4.9701579800e+00,-7.6518000000e-01,1.1575800000e-03
79,7.9000000000e-02,4.9682156000e+00,-7.8480000000e-01,4.9693878950e+00,-7.7499000000e-01,1.1722950000e-03
80,8.0000000000e-02,4.9674209900e+00,-7.9461000000e-01,4.9686080000e+00,-7.8480000000e-01,1.1870100000e-03
81,8.1000000000e-02,4.9666165700e+00,-8.0442000000e-01,4.9678182950e+00,-7.9461000000e-01,1.2017250000e-03
82,8.2000000000e-02,4.9658023400e+00,-8.1423000000e-01,4.9670187800e+00,-8.0442000000e-01,1.2164400000e-03
83,8.3000000000e-02,4.9649783000e+00,-8.2404000000e-01,4.9662094550e+00,-8.1423000000e-01,1.2311550000e-03
84,8.4000000000e-02,4.9641444500e+00,-8.3385000000e-01,4.9653903200e+00,-8.2404000000e-01,1.2458700000e-03
85,8.5000000000e-02,4.9633007900e+00,-8.4366000000e-01,4.9645613750e+00,-8.3385000000e-01,1.2605850000e-03
86,8.6000000000e-02,4.9624473200e+00,-8.5347000000e-01,4.9637226200e+00,-8.4366000000e-01,1.2753000000e-03
87,8.7000000000e-02,4.9615840400e+00,-8.6328000000e-01,4.9628740550e+00,-8.5347000000e-01,1.2900150000e-03
88,8.8000000000e-02,4.9607109500e+00,-8.7309000000e-01,4.9620156800e+00,-8.6328000000e-01,1.3047300000e-03
89,8.9000000000e-02,4.9598280500e+00,-8.8290000000e-01,4.9611474950e+00,-8.7309000000e-01,1.3194450000e-03
90,9.0000000000e-02,4.9589353400e+00,-8.9271000000e-01,4.9602695000e+00,-8.8290000000e-01,1.3341600000e-03
91,9.1000000000e-02,4.9580328200e+00,-9.0252000000e-01,4.9593816950e+00,-8.9271000000e-01,1.3488750000e-03
92,9.2000000000e-02,4.9571204900e+00,-9.1233000000e-01,4.9584840800e+00,-9.0252000000e-01,1.3635900000e-03
93,9.3000000000e-02,4.9561983500e+00,-9.2214000000e-01,4.9575766550e+00,-9.1233000000e-01,1.3783050000e-03
94,9.4000000000e-02,4.9552664000e+00,-9.3195000000e-01,4.9566594200e+00,-9.2214000000e-01,1.3930200000e-03
95,9.5000000000e-02,4.9543246400e+00,-9.4176000000e-01,4.9557323750e+00,-9.3195000000e-01,1.4077350000e-03
96,9.6000000000e-02,4.9533730700e+00,-9.5157000000e-01,4.9547955200e+00,-9.4176000000e-01,1.4224500000e-03
97,9.7000000000e-02,4.9524116900e+00,-9.6138000000e-01,4.9538488550e+00,-9.5157000000e-01,1.4371650000e-03
98,9.8000000000e-02,4.9514405000e+00,-9.7119000000e-01,4.9528923800e+00,-9.6138000000e-01,1.4518800000e-03
99,9.9000000000e-02,4.9504595000e+00,-9.8100000000e-01,4.9519260950e+00,-9.7119000000e-01,1.4665950000e-03
100,1.0000000000e-01,4.9494686900e+00,-9.9081000000e-01,4.9509500000e+00,-9.8100000000e-01,1.4813100000e-03
101,1.0100000000e-01,4.9484680700e+00,-1.0006200000e+00,4.9499640950e+00,-9.9081000000e-01,1.4960250000e-03
102,1.0200000000e-01,4.9474576400e+00,-1.0104300000e+00,4.9489683800e+00,-1.0006200000e+00,1.5107400000e-03
103,1.0300000000e-01,4.9464374000e+00,-1.0202400000e+00,4.9479628550e+00,-1.0104300000e+00,1.5254550000e-03
104,1.0400000000e-01,4.9454073500e+00,-1.0300500000e+00,4.9469475200e+00,-1.0202400000e+00,1.5401700000e-03
105,1.0500000000e-01,4.9443674900e+00,-1.0398600000e+00,4.9459223750e+00,-1.0300500000e+00,1.5548850000e-03
106,1.0600000000e-01,4.9433178200e+00,-1.0496700000e+00,4.9448874200e+00,-1.0398600000e+00,1.5696000000e-03
107,1.0700000000e-01,4.9422583400e+00,-1.0594800000e+00,4.9438426550e+00,-1.0496700000e+00,1.5843150000e-03
108,1.0800000000e-01,4.9411890500e+00,-1.0692900000e+00,4.9427880800e+00,-1.0594800000e+00,1.5990300000e-03
109,1.0900000000e-01,4.9401099500e+00,-1.0791000000e+00,4.9417236950e+00,-1.0692900000e+00,1.6137450000e-03
110,1.1000000000e-01,4.9390210400e+00,-1.0889100000e+00,4.9406495000e+00,-1.0791000000e+00,1.6284600000e-03
111,1.1100000000e-01,4.9379223200e+00,-1.0987200000e+00,4.9395654950e+00,-1.0889100000e+00,1.6431750000e-03
112,1.1200000000e-01,4.9368137900e+00,-1.1085300000e+00,4.9384716800e+00,-1.0987200000e+00,1.6578900000e-03
113,1.1300000000e-01,4.9356954500e+00,-1.1183400000e+00,4.9373680550e+00,-1.1085300000e+00,1.6726050000e-03
114,1.1400000000e-01,4.9345673000e+00,-1.1281500000e+00,4.9362546200e+00,-1.1183400000e+00,1.6873200000e-03
115,1.1500000000e-01,4.9334293400e+00,-1.1379600000e+00,4.9351313750e+00,-1.1281500000e+00,1.7020350000e-03
116,1.1600000000e-01,4.9322815700e+00,-1.1477700000e+00,4.9339983200e+00,-1.1379600000e+00,1.7167500000e-03
117,1.1700000000e-01,4.9311239900e+00,-1.1575800000e+00,4.9328554550e+00,-1.1477700000e+00,1.7314650000e-03
118,1.1800000000e-01,4.9299566000e+00,-1.1673900000e+00,4.9317027800e+00,-1.1575800000e+00,1.7461800000e-03
119,1.1900000000e-01,4.9287794000e+00,-1.1772000000e+00,4.9305402950e+00,-1.1673900000e+00,1.7608950000e-03
120,1.2000000000e-01,4.9275923900e+00,-1.1870100000e+00,4.9293680000e+00,-1.1772000000e+00,1.7756100000e-03
121,1.2100000000e-01,4.9263955700e+00,-1.1968200000e+00,4.9281858950e+00,-1.1870100000e+00,1.7903250000e-03
122,1.2200000000e-01,4.9251889400e+00,-1.2066300000e+00,4.9269939800e+00,-1.1968200000e+00,1.8050400000e-03
123,1.2300000000e-01,4.9239725000e+00,-1.2164400000e+00,4.9257922550e+00,-1.2066300000e+00,1.8197550000e-03
124,1.2400000000e-01,4.9227462500e+00,-1.2262500000e+00,4.9245807200e+00,-1.2164400000e+00,1.8344700000e-03
125,1.2500000000e-01,4.9215101900e+00,-1.2360600000e+00,4.9233593750e+00,-1.2262500000e+00,1.8491850000e-03
126,1.2600000000e-01,4.9202643200e+00,-1.2458700000e+00,4.9221282200e+00,-1.2360600000e+00,1.8639000000e-03
127,1.2700000000e-01,4.9190086400e+00,-1.2556800000e+00,4.9208872550e+00,-1.2458700000e+00,1.8786150000e-03
128,1.2800000000e-01,4.9177431500e+00,-1.2654900000e+00,4.9196364800e+00,-1.2556800000e+00,1.8933300000e-03
129,1.2900000000e-01,4.9164678500e+00,-1.2753000000e+00,4.9183758950e+00,-1.2654900000e+00,1.9080450000e-03
130,1.3000000000e-01,4.9151827400e+00,-1.2851100000e+00,4.9171055000e+00,-1.2753000000e+00,1.9227600000e-03
131,1.3100000000e-01,4.9138878200e+00,-1.2949200000e+00,4.9158252950e+00,-1.2851100000e+00,1.9374750000e-03
132,1.3200000000e-01,4.9125830900e+00,-1.3047300000e+00,4.9145352800e+00,-1.2949200000e+00,1.9521900000e-03
133,1.3300000000e-01,4.9112685500e+00,-1.3145400000e+00,4.9132354550e+00,-1.3047300000e+00,1.9669050000e-03
134,1.3400000000e-01,4.9099442000e+00,-1.3243500000e+00,4.9119258200e+00,-1.3145400000e+00,1.9816200000e-03
135,1.3500000000e-01,4.9086100400e+00,-1.3341600000e+00,4.9106063750e+00,-1.3243500000e+00,1.9963350000e-03
136,1.3600000000e-01,4.9072660700e+00,-1.3439700000e+00,4.9092771200e+00,-1.3341600000e+00,2.0110500000e-03
137,1.3700000000e-01,4.9059122900e+00,-1.3537800000e+00,4.9079380550e+00,-1.3439700000e+00,2.0257650000e-03
138,1.3800000000e-01,4.9045487000e+00,-1.3635900000e+00,4.9065891800e+00,-1.3537800000e+00,2.0404800000e-03
139,1.3900000000e-01,4.9031753000e+00,-1.3734000000e+00,4.9052304950e+00,-1.3635900000e+00,2.0551950000e-03
140,1.4000000000e-01,4.9017920900e+00,-1.3832100000e+00,4.9038620000e+00,-1.3734000000e+00,2.0699100000e-03
141,1.4100000000e-01,4.9003990700e+00,-1.3930200000e+00,4.9024836950e+00,-1.3832100000e+00,2.0846250000e-03
142,1.4200000000e-01,4.8989962400e+00,-1.4028300000e+00,4.9010955800e+00,-1.3930200000e+00,2.0993400000e-03
143,1.4300000000e-01,4.8975836000e+00,-1.4126400000e+00,4.8996976550e+00,-1.4028300000e+00,2.1140550000e-03
144,1.4400000000e-01,4.8961611500e+00,-1.4224500000e+00,4.8982899200e+00,-1.4126400000e+00,2.1287700000e-03
145,1.4500000000e-01,4.8947288900e+00,-1.4322600000e+00,4.8968723750e+00,-1.4224500000e+00,2.1434850000e-03
146,1.4600000000e-01,4.8932868200e+00,-1.4420700000e+00,4.8954450200e+00,-1.4322600000e+00,2.1582000000e-03
147,1.4700000000e-01,4.8918349400e+00,-1.4518800000e+00,4.8940078550e+00,-1.4420700000e+00,2.1729150000e-03
148,1.4800000000e-01,4.8903732500e+00,-1.4616900000e+00,4.8925608800e+00,-1.4518800000e+00,2.1876300000e-03
149,1.4900000000e-01,4.8889017500e+00,-1.4715000000e+00,4.8911040950e+00,-1.4616900000e+00,2.2023450000e-03
150,1.5000000000e-01,4.8874204400e+00,-1.4813100000e+00,4.8896375000e+00,-1.4715000000e+00,2.2170600000e-03
151,1.5100000000e-01,4.8859293200e+00,-1.4911200000e+00,4.8881610950e+00,-1.4813100000e+00,2.2317750000e-03
152,1.5200000000e-01,4.8844283900e+00,-1.5009300000e+00,4.8866748800e+00,-1.4911200000e+00,2.2464900000e-03
153,1.5300000000e-01,4.8829176500e+00,-1.5107400000e+00,4.8851788550e+00,-1.5009300000e+00,2.2612050000e-03
154,1.5400000000e-01,4.8813971000e+00,-1.5205500000e+00,4.8836730200e+00,-1.5107400000e+00,2.2759200000e-03
155,1.5500000000e-01,4.8798667400e+00,-1.5303600000e+00,4.8821573750e+00,-1.5205500000e+00,2.2906350000e-03
156,1.5600000000e-01,4.8783265700e+00,-1.5401700000e+00,4.8806319200e+00,-1.5303600000e+00,2.3053500000e-03
157,1.5700000000e-01,4.8767765900e+00,-1.5499800000e+00,4.8790966550e+00,-1.5401700000e+00,2.3200650000e-03
158,1.5800000000e-01,4.8752168000e+00,-1.5597900000e+00,4.8775515800e+00,-1.5499800000e+00,2.3347800000e-03
159,1.5900000000e-01,4.8736472000e+00,-1.5696000000e+00,4.8759966950e+00,-1.5597900000e+00,2.3494950000e-03
160,1.6000000000e-01,4.8720677900e+00,-1.5794100000e+00,4.8744320000e+00,-1.5696000000e+00,2.3642100000e-03
161,1.6100000000e-01,4.8704785700e+00,-1.5892200000e+00,4.8728574950e+00,-1.5794100000e+00,2.3789250000e-03
162,1.6200000000e-01,4.8688795400e+00,-1.5990300000e+00,4.8712731800e+00,-1.5892200000e+00,2.3936400000e-03
163,1.6300000000e-01,4.8672707000e+00,-1.6088400000e+00,4.8696790550e+00,-1.5990300000e+00,2.4083550000e-03
164,1.6400000000e-01,4.8656520500e+00,-1.6186500000e+00,4.8680751200e+00,-1.6088400000e+00,2.4230700000e-03
165,1.6500000000e-01,4.8640235900e+00,-1.6284600000e+00,4.8664613750e+00,-1.6186500000e+00,2.4377850000e-03
166,1.6600000000e-01,4.8623853200e+00,-1.6382700000e+00,4.8648378200e+00,-1.6284600000e+00,2.4525000000e-03
167,1.6700000000e-01,4.8607372400e+00,-1.6480800000e+00,4.8632044550e+00,-1.6382700000e+00,2.4672150000e-03
168,1.6800000000e-01,4.8590793500e+00,-1.6578900000e+00,4.8615612800e+00,-1.6480800000e+00,2.4819300000e-03
169,1.6900000000e-01,4.8574116500e+00,-1.6677000000e+00,4.8599082950e+00,-1.6578900000e+00,2.4966450000e-03
170,1.7000000000e-01,4.8557341400e+00,-1.6775100000e+00,4.8582455000e+00,-1.6677000000e+00,2.5113600000e-03
171,1.7100000000e-01,4.8540468200e+00,-1.6873200000e+00,4.8565728950e+00,-1.6775100000e+00,2.5260750000e-03
172,1.7200000000e-01,4.8523496900e+00,-1.6971300000e+00,4.8548904800e+00,-1.6873200000e+00,2.5407900000e-03
173,1.7300000000e-01,4.8506427500e+00,-1.7069400000e+00,4.8531982550e+00,-1.6971300000e+00,2.5555050000e-03
174,1.7400000000e-01,4.8489260000e+00,-1.7167500000e+00,4.8514962200e+00,-1.7069400000e+00,2.5702200000e-03
175,1.7500000000e-01,4.8471994400e+00,-1.7265600000e+00,4.8497843750e+00,-1.7167500000e+00,2.5849350000e-03
176,1.7600000000e-01,4.8454630700e+00,-1.7363700000e+00,4.8480627200e+00,-1.7265600000e+00,2.5996500000e-03
177,1.7700000000e-01,4.8437168900e+00,-1.7461800000e+00,4.8463312550e+00,-1.7363700000e+00,2.6143650000e-03
178,1.7800000000e-01,4.8419609000e+00,-1.7559900000e+00,4.8445899800e+00,-1.7461800000e+00,2.6290800000e-03
179,1.7900000000e-01,4.8401951000e+00,-1.7658000000e+00,4.8428388950e+00,-1.7559900000e+00,2.6437950000e-03
180,1.8000000000e-01,4.8384194900e+00,-1.7756100000e+00,4.8410780000e+00,-1.7658000000e+00,2.6585100000e-03
181,1.8100000000e-01,4.8366340700e+00,-1.7854200000e+00,4.8393072950e+00,-1.7756100000e+00,2.6732250000e-03
182,1.8200000000e-01,4.8348388400e+00,-1.7952300000e+00,4.8375267800e+00,-1.7854200000e+00,2.6879400000e-03
183,1.8300000000e-01,4.8330338000e+00,-1.8050400000e+00,4.8357364550e+00,-1.7952300000e+00,2.7026550000e-03
184,1.8400000000e-01,4.8312189500e+00,-1.8148500000e+00,4.8339363200e+00,-1.8050400000e+00,2.7173700000e-03
185,1.8500000000e-01,4.8293942900e+00,-1.8246600000e+00,4.8321263750e+00,-1.8148500000e+00,2.7320850000e-03
186,1.8600000000e-01,4.8275598200e+00,-1.8344700000e+00,4.8303066200e+00,-1.8246600000e+00,2.7468000000e-03
187,1.8700000000e-01,4.8257155400e+00,-1.8442800000e+00,4.8284770550e+00,-1.8344700000e+00,2.7615150000e-03
188,1.8800000000e-01,4.8238614500e+00,-1.8540900000e+00,4.8266376800e+00,-1.8442800000e+00,2.7762300000e-03
189,1.8900000000e-01,4.8219975500e+00,-1.8639000000e+00,4.8247884950e+00,-1.8540900000e+00,2.7909450000e-03
190,1.9000000000e-01,4.8201238400e+00,-1.8737100000e+00,4.8229295000e+00,-1.8639000000e+00,2.8056600000e-03
191,1.9100000000e-01,4.8182403200e+00,-1.8835200000e+00,4.8210606950e+00,-1.8737100000e+00,2.8203750000e-03
192,1.9200000000e-01,4.8163469900e+00,-1.8933300000e+00,4.8191820800e+00,-1.8835200000e+00,2.8350900000e-03
193,1.9300000000e-01,4.8144438500e+00,-1.9031400000e+00,4.8172936550e+00,-1.8933300000e+00,2.8498050000e-03
194,1.9400000000e-01,4.8125309000e+00,-1.9129500000e+00,4.8153954200e+00,-1.9031400000e+00,2.8645200000e-03
195,1.9500000000e-01,4.8106081400e+00,-1.9227600000e+00,4.8134873750e+00,-1.9129500000e+00,2.8792350000e-03
196,1.9600000000e-01,4.8086755700e+00,-1.9325700000e+00,4.8115695200e+00,-1.9227600000e+00,2.8939500000e-03
197,1.9700000000e-01,4.8067331900e+00,-1.9423800000e+00,4.8096418550e+00,-1.9325700000e+00,2.9086650000e-03
198,1.9800000000e-01,4.8047810000e+00,-1.9521900000e+00,4.8077043800e+00,-1.9423800000e+00,2.9233800000e-03
199,1.9900000000e-01,4.8028190000e+00,-1.9620000000e+00,4.8057570950e+00,-1.9521900000e+00,2.9380950000e-03
200,2.0000000000e-01,4.8008471900e+00,-1.9718100000e+00,4.8038000000e+00,-1.9620000000e+00,2.9528100000e-03
201,2.0100000000e-01,4.7988655700e+00,-1.9816200000e+00,4.8018330950e+00,-1.9718100000e+00,2.9675250000e-03
202,2.0200000000e-01,4.7968741400e+00,-1.9914300000e+00,4.7998563800e+00,-1.9816200000e+00,2.9822400000e-03
203,2.0300000000e-01,4.7948729000e+00,-2.0012400000e+00,4.7978698550e+00,-1.9914300000e+00,2.9969550000e-03
204,2.0400000000e-01,4.7928618500e+00,-2.0110500000e+00,4.7958735200e+00,-2.0012400000e+00,3.0116700000e-03
205,2.0500000000e-01,4.7908409900e+00,-2.0208600000e+00,4.7938673750e+00,-2.0110500000e+00,3.0263850000e-03
206,2.0600000000e-01,4.7888103200e+00,-2.0306700000e+00,4.7918514200e+00,-2.0208600000e+00,3.0411000000e-03
207,2.0700000000e-01,4.7867698400e+00,-2.0404800000e+00,4.7898256550e+00,-2.0306700000e+00,3.0558150000e-03
208,2.0800000000e-01,4.7847195500e+00,-2.0502900000e+00,4.7877900800e+00,-2.0404800000e+00,3.0705300000e-03
209,2.0900000000e-01,4.7826594500e+00,-2.0601000000e+00,4.7857446950e+00,-2.0502900000e+00,3.0852450000e-03
210,2.1000000000e-01,4.7805895400e+00,-2.0699100000e+00,4.7836895000e+00,-2.0601000000e+00,3.0999600000e-03
211,2.1100000000e-01,4.7785098200e+00,-2.0797200000e+00,4.7816244950e+00,-2.0699100000e+00,3.1146750000e-03
212,2.1200000000e-01,4.7764202900e+00,-2.0895300000e+00,4.7795496800e+00,-2.0797200000e+00,3.1293900000e-03
213,2.1300000000e-01,4.7743209500e+00,-2.0993400000e+00,4.7774650550e+00,-2.0895300000e+00,3.1441050000e-03
214,2.1400000000e-01,4.7722118000e+00,-2.1091500000e+00,4.7753706200e+00,-2.0993400000e+00,3.1588200000e-03
215,2.1500000000e-01,4.7700928400e+00,-2.1189600000e+00,4.7732663750e+00,-2.1091500000e+00,3.1735350000e-03
216,2.1600000000e-01,4.7679640700e+00,-2.1287700000e+00,4.7711523200e+00,-2.1189600000e+00,3.1882500000e-03
217,2.1700000000e-01,4.7658254900e+00,-2.1385800000e+00,4.7690284550e+00,-2.1287700000e+00,3.2029650000e-03
218,2.1800000000e-01,4.7636771000e+00,-2.1483900000e+00,4.7668947800e+00,-2.1385800000e+00,3.2176800000e-03
219,2.1900000000e-01,4.7615189000e+00,-2.1582000000e+00,4.7647512950e+00,-2.1483900000e+00,3.2323950000e-03
220,2.2000000000e-01,4.7593508900e+00,-2.1680100000e+00,4.7625980000e+00,-2.1582000000e+00,3.2471100000e-03
221,2.2100000000e-01,4.7571730700e+00,-2.1778200000e+00,4.7604348950e+00,-2.1680100000e+00,3.2618250000e-03
222,2.2200000000e-01,4.7549854400e+00,-2.1876300000e+00,4.7582619800e+00,-2.1778200000e+00,3.2765400000e-03
223,2.2300000000e-01,4.7527880000e+00,-2.1974400000e+00,4.7560792550e+00,-2.1876300000e+00,3.2912550000e-03
224,2.2400000000e-01,4.7505807500e+00,-2.2072500000e+00,4.7538867200e+00,-2.1974400000e+00,3.3059700000e-03
225,2.2500000000e-01,4.7483636900e+00,-2.2170600000e+00,4.7516843750e+00,-2.2072500000e+00,3.3206850000e-03
226,2.2600000000e-01,4.7461368200e+00,-2.2268700000e+00,4.7494722200e+00,-2.2170600000e+00,3.3354000000e-03
227,2.2700000000e-01,4.7439001400e+00,-2.2366800000e+00,4.7472502550e+00,-2.2268700000e+00,3.3501150000e-03
228,2.2800000000e-01,4.7416536500e+00,-2.2464900000e+00,4.7450184800e+00,-2.2366800000e+00,3.3648300000e-03
229,2.2900000000e-01,4.7393973500e+00,-2.2563000000e+00,4.7427768950e+00,-2.2464900000e+00,3.3795450000e-03
230,2.3000000000e-01,4.7371312400e+00,-2.2661100000e+00,4.7405255000e+00,-2.2563000000e+00,3.3942600000e-03
231,2.3100000000e-01,4.7348553200e+00,-2.2759200000e+00,4.7382642950e+00,-2.2661100000e+00,3.4089750000e-03
232,2.3200000000e-01,4.7325695900e+00,-2.2857300000e+00,4.7359932800e+00,-2.2759200000e+00,3.4236900000e-03
233,2.3300000000e-01,4.7302740500e+00,-2.2955400000e+00,4.7337124550e+00,-2.2857300000e+00,3.4384050000e-03
234,2.3400000000e-01,4.7279687000e+00,-2.3053500000e+00,4.7314218200e+00,-2.2955400000e+00,3.4531200000e-03
235,2.3500000000e-01,4.7256535400e+00,-2.3151600000e+00,4.7291213750e+00,-2.3053500000e+00,3.4678350000e-03
236,2.3600000000e-01,4.7233285700e+00,-2.3249700000e+00,4.7268111200e+00,-2.3151600000e+00,3.4825500000e-03
237,2.3700000000e-01,4.7209937900e+00,-2.3347800000e+00,4.7244910550e+00,-2.3249700000e+00,3.4972650000e-03
238,2.3800000000e-01,4.7186492000e+00,-2.3445900000e+00,4.7221611800e+00,-2.3347800000e+00,3.5119800000e-03
239,2.3900000000e-01,4.7162948000e+00,-2.3544000000e+00,4.7198214950e+00,-2.3445900000e+00,3.5266950000e-03
240,2.4000000000e-01,4.7139305900e+00,-2.3642100000e+00,4.7174720000e+00,-2.3544000000e+00,3.5414100000e-03
241,2.4100000000e-01,4.7115565700e+00,-2.3740200000e+00,4.7151126950e+00,-2.3642100000e+00,3.5561250000e-03
242,2.4200000000e-01,4.7091727400e+00,-2.3838300000e+00,4.7127435800e+00,-2.3740200000e+00,3.5708400000e-03
243,2.4300000000e-01,4.7067791000e+00,-2.3936400000e+00,4.7103646550e+00,-2.3838300000e+00,3.5855550000e-03
244,2.4400000000e-01,4.7043756500e+00,-2.4034500000e+00,4.7079759200e+00,-2.3936400000e+00,3.6002700000e-03
245,2.4500000000e-01,4.7019623900e+00,-2.4132600000e+00,4.7055773750e+00,-2.4034500000e+00,3.6149850000e-03
246,2.4600000000e-01,4.6995393200e+00,-2.4230700000e+00,4.7031690200e+00,-2.4132600000e+00,3.6297000000e-03
247,2.4700000000e-01,4.6971064400e+00,-2.4328800000e+00,4.7007508550e+00,-2.4230700000e+00,3.6444150000e-03
248,2.4800000000e-01,4.6946637500e+00,-2.4426900000e+00,4.6983228800e+00,-2.4328800000e+00,3.6591300000e-03
249,2.4900000000e-01,4.6922112500e+00,-2.4525000000e+00,4.6958850950e+00,-2.4426900000e+00,3.6738450000e-03
250,2.5000000000e-01,4.6897489400e+00,-2.4623100000e+00,4.6934375000e+00,-2.4525000000e+00,3.6885600000e-03
251,2.5100000000e-01,4.6872768200e+00,-2.4721200000e+00,4.6909800950e+00,-2.4623100000e+00,3.7032750000e-03
252,2.5200000000e-01,4.6847948900e+00,-2.4819300000e+00,4.6885128800e+00,-2.4721200000e+00,3.7179900000e-03
253,2.5300000000e-01,4.6823031500e+00,-2.4917400000e+00,4.6860358550e+00,-2.4819300000e+00,3.7327050000e-03
254,2.5400000000e-01,4.6798016000e+00,-2.5015500000e+00,4.6835490200e+00,-2.4917400000e+00,3.7474200000e-03
255,2.5500000000e-01,4.6772902400e+00,-2.5113600000e+00,4.6810523750e+00,-2.5015500000e+00,3.7621350000e-03
256,2.5600000000e-01,4.6747690700e+00,-2.5211700000e+00,4.6785459200e+00,-2.5113600000e+00,3.7768500000e-03
257,2.5700000000e-01,4.6722380900e+00,-2.5309800000e+00,4.6760296550e+00,-2.5211700000e+00,3.7915650000e-03
258,2.5800000000e-01,4.6696973000e+00,-2.5407900000e+00,4.6735035800e+00,-2.5309800000e+00,3.8062800000e-03
259,2.5900000000e-01,4.6671467000e+00,-2.5506000000e+00,4.6709676950e+00,-2.5407900000e+00,3.8209950000e-03
260,2.6000000000e-01,4.6645862900e+00,-2.5604100000e+00,4.6684220000e+00,-2.5506000000e+00,3.8357100000e-03
261,2.6100000000e-01,4.6620160700e+00,-2.5702200000e+00,4.6658664950e+00,-2.5604100000e+00,3.8504250000e-03
262,2.6200000000e-01,4.6594360400e+00,-2.5800300000e+00,4.6633011800e+00,-2.5702200000e+00,3.8651400000e-03
263,2.6300000000e-01,4.6568462000e+00,-2.5898400000e+00,4.6607260550e+00,-2.5800300000e+00,3.8798550000e-03
264,2.6400000000e-01,4.6542465500e+00,-2.5996500000e+00,4.6581411200e+00,-2.5898400000e+00,3.8945700000e-03
265,2.6500000000e-01,4.6516370900e+00,-2.6094600000e+00,4.6555463750e+00,-2.5996500000e+00,3.9092850000e-03
266,2.6600000000e-01,4.6490178200e+00,-2.6192700000e+00,4.6529418200e+00,-2.6094600000e+00,3.9240000000e-03
267,2.6700000000e-01,4.6463887400e+00,-2.6290800000e+00,4.6503274550e+00,-2.6192700000e+00,3.9387150000e-03
268,2.6800000000e-01,4.6437498500e+00,-2.6388900000e+00,4.6477032800e+00,-2.6290800000e+00,3.9534300000e-03
269,2.6900000000e-01,4.6411011500e+00,-2.6487000000e+00,4.6450692950e+00,-2.6388900000e+00,3.9681450000e-03
270,2.7000000000e-01,4.6384426400e+00,-2.6585100000e+00,4.6424255000e+00,-2.6487000000e+00,3.9828600000e-03
271,2.7100000000e-01,4.6357743200e+00,-2.6683200000e+00,4.6397718950e+00,-2.6585100000e+00,3.9975750000e-03
272,2.7200000000e-01,4.6330961900e+00,-2.6781300000e+00,4.6371084800e+00,-2.6683200000e+00,4.0122900000e-03
273,2.7300000000e-01,4.6304082500e+00,-2.6879400000e+00,4.6344352550e+00,-2.6781300000e+00,4.0270050000e-03
274,2.7400000000e-01,4.6277105000e+00,-2.6977500000e+00,4.6317522200e+00,-2.6879400000e+00,4.0417200000e-03
275,2.7500000000e-01,4.6250029400e+00,-2.7075600000e+00,4.6290593750e+00,-2.6977500000e+00,4.0564350000e-03
276,2.7600000000e-01,4.6222855700e+00,-2.7173700000e+00,4.6263567200e+00,-2.7075600000e+00,4.0711500000e-03
277,2.7700000000e-01,4.6195583900e+00,-2.7271800000e+00,4.6236442550e+00,-2.7173700000e+00,4.0858650000e-03
278,2.7800000000e-01,4.6168214000e+00,-2.7369900000e+00,4.6209219800e+00,-2.7271800000e+00,4.1005800000e-03
279,2.7900000000e-01,4.6140746000e+00,-2.7468000000e+00,4.6181898950e+00,-2.7369900000e+00,4.1152950000e-03
280,2.8000000000e-01,4.6113179900e+00,-2.7566100000e+00,4.6154480000e+00,-2.7468000000e+00,4.1300100000e-03
281,2.8100000000e-01,4.6085515700e+00,-2.7664200000e+00,4.6126962950e+00,-2.7566100000e+00,4.1447250000e-03
282,2.8200000000e-01,4.6057753400e+00,-2.7762300000e+00,4.6099347800e+00,-2.7664200000e+00,4.1594400000e-03
283,2.8300000000e-01,4.6029893000e+00,-2.7860400000e+00,4.6071634550e+00,-2.7762300000e+00,4.1741550000e-03
284,2.8400000000e-01,4.6001934500e+00,-2.7958500000e+00,4.6043823200e+00,-2.7860400000e+00,4.1888700000e-03
285,2.8500000000e-01,4.5973877900e+00,-2.8056600000e+00,4.6015913750e+00,-2.7958500000e+00,4.2035850000e-03
286,2.8600000000e-01,4.5945723200e+00,-2.8154700000e+00,4.5987906200e+00,-2.8056600000e+00,4.2183000000e-03
287,2.8700000000e-01,4.5917470400e+00,-2.8252800000e+00,4.5959800550e+00,-2.8154700000e+00,4.2330150000e-03
288,2.8800000000e-01,4.5889119500e+00,-2.8350900000e+00,4.5931596800e+00,-2.8252800000e+00,4.2477300000e-03
289,2.8900000000e-01,4.5860670500e+00,-2.8449000000e+00,4.5903294950e+00,-2.8350900000e+00,4.2624450000e-03
290,2.9000000000e-01,4.5832123400e+00,-2.8547100000e+00,4.5874895000e+00,-2.8449000000e+00,4.2771600000e-03
291,2.9100000000e-01,4.5803478200e+00,-2.8645200000e+00,4.5846396950e+00,-2.8547100000e+00,4.2918750000e-03
292,2.9200000000e-01,4.5774734900e+00,-2.8743300000e+00,4.5817800800e+00,-2.8645200000e+00,4.3065900000e-03
293,2.9300000000e-01,4.5745893500e+00,-2.8841400000e+00,4.5789106550e+00,-2.8743300000e+00,4.3213050000e-03
294,2.9400000000e-01,4.5716954000e+00,-2.8939500000e+00,4.5760314200e+00,-2.8841400000e+00,4.3360200000e-03
295,2.9500000000e-01,4.5687916400e+00,-2.9037600000e+00,4.5731423750e+00,-2.8939500000e+00,4.3507350000e-03
296,2.9600000000e-01,4.5658780700e+00,-2.9135700000e+00,4.5702435200e+00,-2.9037600000e+00,4.3654500000e-03
297,2.9700000000e-01,4.5629546900e+00,-2.9233800000e+00,4.5673348550e+00,-2.9135700000e+00,4.3801650000e-03
298,2.9800000000e-01,4.5600215000e+00,-2.9331900000e+00,4.5644163800e+00,-2.9233800000e+00,4.3948800000e-03
299,2.9900000000e-01,4.5570785000e+00,-2.9430000000e+00,4.5614880950e+00,-2.9331900000e+00,4.4095950000e-03
300,3.0000000000e-01,4.5541256900e+00,-2.9528100000e+00,4.5585500000e+00,-2.9430000000e+00,4.4243100000e-03
301,3.0100000000e-01,4.5511630700e+00,-2.9626200000e+00,4.5556020950e+00,-2.9528100000e+00,4.4390250000e-03
302,3.0200000000e-01,4.5481906400e+00,-2.9724300000e+00,4.5526443800e+00,-2.9626200000e+00,4.4537400000e-03
303,3.0300000000e-01,4.5452084000e+00,-2.9822400000e+00,4.5496768550e+00,-2.9724300000e+00,4.4684550000e-03
304,3.0400000000e-01,4.5422163500e+00,-2.9920500000e+00,4.5466995200e+00,-2.9822400000e+00,4.4831700000e-03
305,3.0500000000e-01,4.5392144900e+00,-3.0018600000e+00,4.5437123750e+00,-2.9920500000e+00,4.4978850000e-03
306,3.0600000000e-01,4.5362028200e+00,-3.0116700000e+00,4.5407154200e+00,-3.0018600000e+00,4.5126000000e-03
307,3.0700000000e-01,4.5331813400e+00,-3.0214800000e+00,4.5377086550e+00,-3.0116700000e+00,4.5273150000e-03
308,3.0800000000e-01,4.5301500500e+00,-3.0312900000e+00,4.5346920800e+00,-3.0214800000e+00,4.5420300000e-03
309,3.0900000000e-01,4.5271089500e+00,-3.0411000000e+00,4.5316656950e+00,-3.0312900000e+00,4.5567450000e-03
310,3.1000000000e-01,4.5240580400e+00,-3.0509100000e+00,4.5286295000e+00,-3.0411000000e+00,4.5714600000e-03
311,3.1100000000e-01,4.5209973200e+00,-3.0607200000e+00,4.5255834950e+00,-3.0509100000e+00,4.5861750000e-03
312,3.1200000000e-01,4.5179267900e+00,-3.0705300000e+00,4.5225276800e+00,-3.0607200000e+00,4.6008900000e-03
313,3.1300000000e-01,4.5148464500e+00,-3.0803400000e+00,4.5194620550e+00,-3.0705300000e+00,4.6156050000e-03
314,3.1400000000e-01,4.5117563000e+00,-3.0901500000e+00,4.5163866200e+00,-3.0803400000e+00,4.6303200000e-03
315,3.1500000000e-01,4.5086563400e+00,-3.0999600000e+00,4.5133013750e+00,-3.0901500000e+00,4.6450350000e-03
316,3.1600000000e-01,4.5055465700e+00,-3.1097700000e+00,4.5102063200e+00,-3.0999600000e+00,4.6597500000e-03
317,3.1700000000e-01,4.5024269900e+00,-3.1195800000e+00,4.5071014550e+00,-3.1097700000e+00,4.6744650000e-03
318,3.1800000000e-01,4.4992976000e+00,-3.1293900000e+00,4.5039867800e+00,-3.1195800000e+00,4.6891800000e-03
319,3.1900000000e-01,4.4961584000e+00,-3.1392000000e+00,4.5008622950e+00,-3.1293900000e+00,4.7038950000e-03
320,3.2000000000e-01,4.4930093900e+00,-3.1490100000e+00,4.4977280000e+00,-3.1392000000e+00,4.7186100000e-03
321,3.2100000000e-01,4.4898505700e+00,-3.1588200000e+00,4.4945838950e+00,-3.1490100000e+00,4.7333250000e-03
322,3.2200000000e-01,4.4866819400e+00,-3.1686300000e+00,4.4914299800e+00,-3.1588200000e+00,4.7480400000e-03
323,3.2300000000e-01,4.4835035000e+00,-3.1784400000e+00,4.4882662550e+00,-3.1686300000e+00,4.7627550000e-03
324,3.2400000000e-01,4.4803152500e+00,-3.1882500000e+00,4.4850927200e+00,-3.1784400000e+00,4.7774700000e-03
325,3.2500000000e-01,4.4771171900e+00,-3.1980600000e+00,4.4819093750e+00,-3.1882500000e+00,4.7921850000e-03
326,3.2600000000e-01,4.4739093200e+00,-3.2078700000e+00,4.4787162200e+00,-3.1980600000e+00,4.8069000000e-03
327,3.2700000000e-01,4.4706916400e+00,-3.2176800000e+00,4.4755132550e+00,-3.2078700000e+00,4.8216150000e-03
328,3.2800000000e-01,4.4674641500e+00,-3.2274900000e+00,4.4723004800e+00,-3.2176800000e+00,4.8363300000e-03
329,3.2900000000e-01,4.4642268500e+00,-3.2373000000e+00,4.4690778950e+00,-3.2274900000e+00,4.8510450000e-03
330,3.3000000000e-01,4.4609797400e+00,-3.2471100000e+00,4.4658455000e+00,-3.2373000000e+00,4.8657600000e-03
331,3.3100000000e-01,4.4577228200e+00,-3.2569200000e+00,4.4626032950e+00,-3.2471100000e+00,4.8804750000e-03
332,3.3200000000e-01,4.4544560900e+00,-3.2667300000e+00,4.4593512800e+00,-3.2569200000e+00,4.8951900000e-03
333,3.3300000000e-01,4.4511795500e+00,-3.2765400000e+00,4.4560894550e+00,-3.2667300000e+00,4.9099050000e-03
334,3.3400000000e-01,4.4478932000e+00,-3.2863500000e+00,4.4528178200e+00,-3.2765400000e+00,4.9246200000e-03
335,3.3500000000e-01,4.4445970400e+00,-3.2961600000e+00,4.4495363750e+00,-3.2863500000e+00,4.9393350000e-03
336,3.3600000000e-01,4.4412910700e+00,-3.3059700000e+00,4.4462451200e+00,-3.2961600000e+00,4.9540500000e-03
337,3.3700000000e-01,4.4379752900e+00,-3.3157800000e+00,4.4429440550e+00,-3.3059700000e+00,4.9687650000e-03
338,3.3800000000e-01,4.4346497000e+00,-3.3255900000e+00,4.4396331800e+00,-3.3157800000e+00,4.9834800000e-03
339,3.3900000000e-01,4.4313143000e+00,-3.3354000000e+00,4.4363124950e+00,-3.3255900000e+00,4.9981950000e-03
340,3.4000000000e-01,4.4279690900e+00,-3.3452100000e+00,4.4329820000e+00,-3.3354000000e+00,5.0129100000e-03
341,3.4100000000e-01,4.4246140700e+00,-3.3550200000e+00,4.4296416950e+00,-3.3452100000e+00,5.0276250000e-03
342,3.4200000000e-01,4.4212492400e+00,-3.3648300000e+00,4.4262915800e+00,-3.3550200000e+00,5.0423400000e-03
343,3.4300000000e-01,4.4178746000e+00,-3.3746400000e+00,4.4229316550e+00,-3.3648300000e+00,5.0570550000e-03
344,3.4400000000e-01,4.4144901500e+00,-3.3844500000e+00,4.4195619200e+00,-3.3746400000e+00,5.0717700000e-03
345,3.4500000000e-01,4.4110958900e+00,-3.3942600000e+00,4.4161823750e+00,-3.3844500000e+00,5.0864850000e-03
346,3.4600000000e-01,4.4076918200e+00,-3.4040700000e+00,4.4127930200e+00,-3.3942600000e+00,5.1012000000e-03
347,3.4700000000e-01,4.4042779400e+00,-3.4138800000e+00,4.4093938550e+00,-3.4040700000e+00,5.1159150000e-03
348,3.4800000000e-01,4.4008542500e+00,-3.4236900000e+00,4.4059848800e+00,-3.4138800000e+00,5.1306300000e-03
349,3.4900000000e-01,4.3974207500e+00,-3.4335000000e+00,4.4025660950e+00,-3.4236900000e+00,5.1453450000e-03
350,3.5000000000e-01,4.3939774400e+00,-3.4433100000e+00,4.3991375000e+00,-3.4335000000e+00,5.1600600000e-03
351,3.5100000000e-01,4.3905243200e+00,-3.4531200000e+00,4.3956990950e+00,-3.4433100000e+00,5.1747750000e-03
352,3.5200000000e-01,4.3870613900e+00,-3.4629300000e+00,4.3922508800e+00,-3.4531200000e+00,5.1894900000e-03
353,3.5300000000e-01,4.3835886500e+00,-3.4727400000e+00,4.3887928550e+00,-3.4629300000e+00,5.2042050000e-03
354,3.5400000000e-01,4.3801061000e+00,-3.4825500000e+00,4.3853250200e+00,-3.4727400000e+00,5.2189200000e-03
355,3.5500000000e-01,4.3766137400e+00,-3.4923600000e+00,4.3818473750e+00,-3.4825500000e+00,5.2336350000e-03
356,3.5600000000e-01,4.3731115700e+00,-3.5021700000e+00,4.3783599200e+00,-3.4923600000e+00,5.2483500000e-03
357,3.5700000000e-01,4.3695995900e+00,-3.5119800000e+00,4.3748626550e+00,-3.5021700000e+00,5.2630650000e-03
358,3.5800000000e-01,4.3660778000e+00,-3.5217900000e+00,4.3713555800e+00,-3.5119800000e+00,5.2777800000e-03
359,3.5900000000e-01,4.3625462000e+00,-3.5316000000e+00,4.3678386950e+00,-3.5217900000e+00,5.2924950000e-03
360,3.6000000000e-01,4.3590047900e+00,-3.5414100000e+00,4.3643120000e+00,-3.5316000000e+00,5.3072100000e-03
361,3.6100000000e-01,4.3554535700e+00,-3.5512200000e+00,4.3607754950e+00,-3.5414100000e+00,5.3219250000e-03
362,3.6200000000e-01,4.3518925400e+00,-3.5610300000e+00,4.3572291800e+00,-3.5512200000e+00,5.3366400000e-03
363,3.6300000000e-01,4.3483217000e+00,-3.5708400000e+00,4.3536730550e+00,-3.5610300000e+00,5.3513550000e-03
364,3.6400000000e-01,4.3447410500e+00,-3.5806500000e+00,4.3501071200e+00,-3.5708400000e+00,5.3660700000e-03
365,3.6500000000e-01,4.3411505900e+00,-3.5904600000e+00,4.3465313750e+00,-3.5806500000e+00,5.3807850000e-03
366,3.6600000000e-01,4.3375503200e+00,-3.6002700000e+00,4.3429458200e+00,-3.5904600000e+00,5.3955000000e-03
367,3.6700000000e-01,4.3339402400e+00,-3.6100800000e+00,4.3393504550e+00,-3.6002700000e+00,5.4102150000e-03
368,3.6800000000e-01,4.3303203500e+00,-3.6198900000e+00,4.3357452800e+00,-3.6100800000e+00,5.4249300000e-03
369,3.6900000000e-01,4.3266906500e+00,-3.6297000000e+00,4.3321302950e+00,-3.6198900000e+00,5.4396450000e-03
370,3.7000000000e-01,4.3230511400e+00,-3.6395100000e+00,4.3285055000e+00,-3.6297000000e+00,5.4543600000e-03
371,3.7100000000e-01,4.3194018200e+00,-3.6493200000e+00,4.3248708950e+00,-3.6395100000e+00,5.4690750000e-03
372,3.7200000000e-01,4.3157426900e+00,-3.6591300000e+00,4.3212264800e+00,-3.6493200000e+00,5.4837900000e-03
373,3.7300000000e-01,4.3120737500e+00,-3.6689400000e+00,4.3175722550e+00,-3.6591300000e+00,5.4985050000e-03
374,3.7400000000e-01,4.3083950000e+00,-3.6787500000e+00,4.3139082200e+00,-3.6689400000e+00,5.5132200000e-03
375,3.7500000000e-01,4.3047064400e+00,-3.6885600000e+00,4.3102343750e+00,-3.6787500000e+00,5.5279350000e-03
376,3.7600000000e-01,4.3010080700e+00,-3.6983700000e+00,4.3065507200e+00,-3.6885600000e+00,5.5426500000e-03
377,3.7700000000e-01,4.2972998900e+00,-3.7081800000e+00,4.3028572550e+00,-3.6983700000e+00,5.5573650000e-03
378,3.7800000000e-01,4.2935819000e+00,-3.7179900000e+00,4.2991539800e+00,-3.7081800000e+00,5.5720800000e-03
379,3.7900000000e-01,4.2898541000e+00,-3.7278000000e+00,4.2954408950e+00,-3.7179900000e+00,5.5867950000e-03
380,3.8000000000e-01,4.2861164900e+00,-3.7376100000e+00,4.2917180000e+00,-3.7278000000e+00,5.6015100000e-03
381,3.8100000000e-01,4.2823690700e+00,-3.7474200000e+00,4.2879852950e+00,-3.7376100000e+00,5.6162250000e-03
382,3.8200000000e-01,4.2786118400e+00,-3.7572300000e+00,4.2842427800e+00,-3.7474200000e+00,5.6309400000e-03
383,3.8300000000e-01,4.2748448000e+00,-3.7670400000e+00,4.2804904550e+00,-3.7572300000e+00,5.6456550000e-03
384,3.8400000000e-01,4.2710679500e+00,-3.7768500000e+00,4.2767283200e+00,-3.7670400000e+00,5.6603700000e-03
385,3.8500000000e-01,4.2672812900e+00,-3.7866600000e+00,4.2729563750e+00,-3.7768500000e+00,5.6750850000e-03
386,3.8600000000e-01,4.2634848200e+00,-3.7964700000e+00,4.2691746200e+00,-3.7866600000e+00,5.6898000000e-03
387,3.8700000000e-01,4.2596785400e+00,-3.8062800000e+00,4.2653830550e+00,-3.7964700000e+00,5.7045150000e-03
388,3.8800000000e-01,4.2558624500e+00,-3.8160900000e+00,4.2615816800e+00,-3.8062800000e+00,5.7192300000e-03
389,3.8900000000e-01,4.2520365500e+00,-3.8259000000e+00,4.2577704950e+00,-3.8160900000e+00,5.7339450000e-03
390,3.9000000000e-01,4.2482008400e+00,-3.8357100000e+00,4.2539495000e+00,-3.8259000000e+00,5.7486600000e-03
391,3.9100000000e-01,4.2443553200e+00,-3.8455200000e+00,4.2501186950e+00,-3.8357100000e+00,5.7633750000e-03
392,3.9200000000e-01,4.2404999900e+00,-3.8553300000e+00,4.2462780800e+00,-3.8455200000e+00,5.7780900000e-03
393,3.9300000000e-01,4.2366348500e+00,-3.8651400000e+00,4.2424276550e+00,-3.8553300000e+00,5.7928050000e-03
394,3.9400000000e-01,4.2327599000e+00,-3.8749500000e+00,4.2385674200e+00,-3.8651400000e+00,5.8075200000e-03
395,3.9500000000e-01,4.2288751400e+00,-3.8847600000e+00,4.2346973750e+00,-3.8749500000e+00,5.8222350000e-03
396,3.9600000000e-01,4.2249805700e+00,-3.8945700000e+00,4.2308175200e+00,-3.8847600000e+00,5.8369500000e-03
397,3.9700000000e-01,4.2210761900e+00,-3.9043800000e+00,4.2269278550e+00,-3.8945700000e+00,5.8516650000e-03
398,3.9800000000e-01,4.2171620000e+00,-3.9141900000e+00,4.2230283800e+00,-3.9043800000e+00,5.8663800000e-03
399,3.9900000000e-01,4.2132380000e+00,-3.9240000000e+00,4.2191190950e+00,-3.9141900000e+00,5.8810950000e-03
400,4.0000000000e-01,4.2093041900e+00,-3.9338100000e+00,4.2152000000e+00,-3.9240000000e+00,5.8958100000e-03
401,4.0100000000e-01,4.2053605700e+00,-3.9436200000e+00,4.2112710950e+00,-3.9338100000e+00,5.9105250000e-03
402,4.0200000000e-01,4.2014071400e+00,-3.9534300000e+00,4.2073323800e+00,-3.9436200000e+00,5.9252400000e-03
403,4.0300000000e-01,4.1974439000e+00,-3.9632400000e+00,4.2033838550e+00,-3.9534300000e+00,5.9399550000e-03
404,4.0400000000e-01,4.1934708500e+00,-3.9730500000e+00,4.1994255200e+00,-3.9632400000e+00,5.9546700000e-03
405,4.0500000000e-01,4.1894879900e+00,-3.9828600000e+00,4.1954573750e+00,-3.9730500000e+00,5.9693850000e-03
406,4.0600000000e-01,4.1854953200e+00,-3.9926700000e+00,4.1914794200e+00,-3.9828600000e+00,5.9841000000e-03
407,4.0700000000e-01,4.1814928400e+00,-4.0024800000e+00,4.1874916550e+00,-3.9926700000e+00,5.9988150000e-03
408,4.0800000000e-01,4.1774805500e+00,-4.0122900000e+00,4.1834940800e+00,-4.0024800000e+00,6.0135300000e-03
409,4.0900000000e-01,4.1734584500e+00,-4.0221000000e+00,4.1794866950e+00,-4.0122900000e+00,6.0282450000e-03
410,4.1000000000e-01,4.1694265400e+00,-4.0319100000e+00,4.1754695000e+00,-4.0221000000e+00,6.0429600000e-03
411,4.1100000000e-01,4.1653848200e+00,-4.0417200000e+00,4.1714424950e+00,-4.0319100000e+00,6.0576750000e-03
412,4.1200000000e-01,4.1613332900e+00,-4.0515300000e+00,4.1674056800e+00,-4.0417200000e+00,6.0723900000e-03
413,4.1300000000e-01,4.1572719500e+00,-4.0613400000e+00,4.1633590550e+00,-4.0515300000e+00,6.0871050000e-03
414,4.1400000000e-01,4.1532008000e+00,-4.0711500000e+00,4.1593026200e+00,-4.0613400000e+00,6.1018200000e-03
415,4.1500000000e-01,4.1491198400e+00,-4.0809600000e+00,4.1552363750e+00,-4.0711500000e+00,6.1165350000e-03
416,4.1600000000e-01,4.1450290700e+00,-4.0907700000e+00,4.1511603200e+00,-4.0809600000e+00,6.1312500000e-03
417,4.1700000000e-01,4.1409284900e+00,-4.1005800000e+00,4.1470744550e+00,-4.0907700000e+00,6.1459650000e-03
418,4.1800000000e-01,4.1368181000e+00,-4.1103900000e+00,4.1429787800e+00,-4.1005800000e+00,6.1606800000e-03
419,4.1900000000e-01,4.1326979000e+00,-4.1202000000e+00,4.1388732950e+00,-4.1103900000e+00,6.1753950000e-03
420,4.2000000000e-01,4.1285678900e+00,-4.1300100000e+00,4.1347580000e+00,-4.1202000000e+00,6.1901100000e-03
421,4.2100000000e-01,4.1244280700e+00,-4.1398200000e+00,4.1306328950e+00,-4.1300100000e+00,6.2048250000e-03
422,4.2200000000e-01,4.1202784400e+00,-4.1496300000e+00,4.1264979800e+00,-4.1398200000e+00,6.2195400000e-03
423,4.2300000000e-01,4.1161190000e+00,-4.1594400000e+00,4.1223532550e+00,-4.1496300000e+00,6.2342550000e-03
424,4.2400000000e-01,4.1119497500e+00,-4.1692500000e+00,4.1181987200e+00,-4.1594400000e+00,6.2489700000e-03
425,4.2500000000e-01,4.1077706900e+00,-4.1790600000e+00,4.1140343750e+00,-4.1692500000e+00,6.2636850000e-03
426,4.2600000000e-01,4.1035818200e+00,-4.1888700000e+00,4.1098602200e+00,-4.1790600000e+00,6.2784000000e-03
427,4.2700000000e-01,4.0993831400e+00,-4.1986800000e+00,4.1056762550e+00,-4.1888700000e+00,6.2931150000e-03
428,4.2800000000e-01,4.0951746500e+00,-4.2084900000e+00,4.1014824800e+00,-4.1986800000e+00,6.3078300000e-03
429,4.2900000000e-01,4.0909563500e+00,-4.2183000000e+00,4.0972788950e+00,-4.2084900000e+00,6.3225450000e-03
430,4.3000000000e-01,4.0867282400e+00,-4.2281100000e+00,4.0930655000e+00,-4.2183000000e+00,6.3372600000e-03
431,4.3100000000e-01,4.0824903200e+00,-4.2379200000e+00,4.0888422950e+00,-4.2281100000e+00,6.3519750000e-03
432,4.3200000000e-01,4.0782425900e+00,-4.2477300000e+00,4.0846092800e+00,-4.2379200000e+00,6.3666900000e-03
433,4.3300000000e-01,4.0739850500e+00,-4.2575400000e+00,4.0803664550e+00,-4.2477300000e+00,6.3814050000e-03
434,4.3400000000e-01,4.0697177000e+00,-4.2673500000e+00,4.0761138200e+00,-4.2575400000e+00,6.3961200000e-03
435,4.3500000000e-01,4.0654405400e+00,-4.2771600000e+00,4.0718513750e+00,-4.2673500000e+00,6.4108350000e-03
436,4.3600000000e-01,4.0611535700e+00,-4.2869700000e+00,4.0675791200e+00,-4.2771600000e+00,6.4255500000e-03
437,4.3700000000e-01,4.0568567900e+00,-4.2967800000e+00,4.0632970550e+00,-4.2869700000e+00,6.4402650000e-03
438,4.3800000000e-01,4.0525502000e+00,-4.3065900000e+00,4.0590051800e+00,-4.2967800000e+00,6.4549800000e-03
439,4.3900000000e-01,4.0482338000e+00,-4.3164000000e+00,4.0547034950e+00,-4.3065900000e+00,6.4696950000e-03
440,4.4000000000e-01,4.0439075900e+00,-4.3262100000e+00,4.0503920000e+00,-4.3164000000e+00,6.4844100000e-03
441,4.4100000000e-01,4.0395715700e+00,-4.3360200000e+00,4.0460706950e+00,-4.3262100000e+00,6.4991250000e-03
442,4.4200000000e-01,4.0352257400e+00,-4.3458300000e+00,4.0417395800e+00,-4.3360200000e+00,6.5138400000e-03
443,4.4300000000e-01,4.0308701000e+00,-4.3556400000e+00,4.0373986550e+00,-4.3458300000e+00,6.5285550000e-03
444,4.4400000000e-01,4.0265046500e+00,-4.3654500000e+00,4.0330479200e+00,-4.3556400000e+00,6.5432700000e-03
445,4.4500000000e-01,4.0221293900e+00,-4.3752600000e+00,4.0286873750e+00,-4.3654500000e+00,6.5579850000e-03
446,4.4600000000e-01,4.0177443200e+00,-4.3850700000e+00,4.0243170200e+00,-4.3752600000e+00,6.5727000000e-03
447,4.4700000000e-01,4.0133494400e+00,-4.3948800000e+00,4.0199368550e+00,-4.3850700000e+00,6.5874150000e-03
448,4.4800000000e-01,4.0089447500e+00,-4.4046900000e+00,4.0155468800e+00,-4.3948800000e+00,6.6021300000e-03
449,4.4900000000e-01,4.0045302500e+00,-4.4145000000e+00,4.0111470950e+00,-4.4046900000e+00,6.6168450000e-03
450,4.5000000000e-01,4.0001059400e+00,-4.4243100000e+00,4.0067375000e+00,-4.4145000000e+00,6.6315600000e-03
451,4.5100000000e-01,3.9956718200e+00,-4.4341200000e+00,4.0023180950e+00,-4.4243100000e+00,6.6462750000e-03
452,4.5200000000e-01,3.9912278900e+00,-4.4439300000e+00,3.9978888800e+00,-4.4341200000e+00,6.6609900000e-03
453,4.5300000000e-01,3.9867741500e+00,-4.4537400000e+00,3.9934498550e+00,-4.4439300000e+00,6.6757050000e-03
454,4.5400000000e-01,3.9823106000e+00,-4.4635500000e+00,3.9890010200e+00,-4.4537400000e+00,6.6904200000e-03
455,4.5500000000e-01,3.9778372400e+00,-4.4733600000e+00,3.9845423750e+00,-4.4635500000e+00,6.7051350000e-03
456,4.5600000000e-01,3.9733540700e+00,-4.4831700000e+00,3.9800739200e+00,-4.4733600000e+00,6.7198500000e-03
457,4.5700000000e-01,3.9688610900e+00,-4.4929800000e+00,3.9755956550e+00,-4.4831700000e+00,6.7345650000e-03
458,4.5800000000e-01,3.9643583000e+00,-4.5027900000e+00,3.9711075800e+00,-4.4929800000e+00,6.7492800000e-03
459,4.5900000000e-01,3.9598457000e+00,-4.5126000000e+00,3.9666096950e+00,-4.5027900000e+00,6.7639950000e-03
460,4.6000000000e-01,3.9553232900e+00,-4.5224100000e+00,3.9621020000e+00,-4.5126000000e+00,6.7787100000e-03
461,4.6100000000e-01,3.9507910700e+00,-4.5322200000e+00,3.9575844950e+00,-4.5224100000e+00,6.7934250000e-03
462,4.6200000000e-01,3.9462490400e+00,-4.5420300000e+00,3.9530571800e+00,-4.5322200000e+00,6.8081400000e-03
463,4.6300000000e-01,3.9416972000e+00,-4.5518400000e+00,3.9485200550e+00,-4.5420300000e+00,6.8228550000e-03
464,4.6400000000e-01,3.9371355500e+00,-4.5616500000e+00,3.9439731200e+00,-4.5518400000e+00,6.8375700000e-03
465,4.6500000000e-01,3.9325640900e+00,-4.5714600000e+00,3.9394163750e+00,-4.5616500000e+00,6.8522850000e-03
466,4.6600000000e-01,3.9279828200e+00,-4.5812700000e+00,3.9348498200e+00,-4.5714600000e+00,6.8670000000e-03
467,4.6700000000e-01,3.9233917400e+00,-4.5910800000e+00,3.9302734550e+00,-4.5812700000e+00,6.8817150000e-03
468,4.6800000000e-01,3.9187908500e+00,-4.6008900000e+00,3.9256872800e+00,-4.5910800000e+00,6.8964300000e-03
469,4.6900000000e-01,3.9141801500e+00,-4.6107000000e+00,3.9210912950e+00,-4.6008900000e+00,6.9111450000e-03
470,4.7000000000e-01,3.9095596400e+00,-4.6205100000e+00,3.9164855000e+00,-4.6107000000e+00,6.9258600000e-03
471,4.7100000000e-01,3.9049293200e+00,-4.6303200000e+00,3.9118698950e+00,-4.6205100000e+00,6.9405750000e-03
472,4.7200000000e-01,3.9002891900e+00,-4.6401300000e+00,3.9072444800e+00,-4.6303200000e+00,6.9552900000e-03
473,4.7300000000e-01,3.8956392500e+00,-4.6499400000e+00,3.9026092550e+00,-4.6401300000e+00,6.9700050000e-03
474,4.7400000000e-01,3.8909795000e+00,-4.6597500000e+00,3.8979642200e+00,-4.6499400000e+00,6.9847200000e-03
475,4.7500000000e-01,3.8863099400e+00,-4.6695600000e+00,3.8933093750e+00,-4.6597500000e+00,6.9994350000e-03
476,4.7600000000e-01,3.8816305700e+00,-4.6793700000e+00,3.8886447200e+00,-4.6695600000e+00,7.0141500000e-03
477,4.7700000000e-01,3.8769413900e+00,-4.6891800000e+00,3.8839702550e+00,-4.6793700000e+00,7.0288650000e-03
478,4.7800000000e-01,3.8722424000e+00,-4.6989900000e+00,3.8792859800e+00,-4.6891800000e+00,7.0435800000e-03
479,4.7900000000e-01,3.8675336000e+00,-4.7088000000e+00,3.8745918950e+00,-4.6989900000e+00,7.0582950000e-03
480,4.8000000000e-01,3.8628149900e+00,-4.7186100000e+00,3.8698880000e+00,-4.7088000000e+00,7.0730100000e-03
481,4.8100000000e-01,3.8580865700e+00,-4.7284200000e+00,3.8651742950e+00,-4.7186100000e+00,7.0877250000e-03
482,4.8200000000e-01,3.8533483400e+00,-4.7382300000e+00,3.8604507800e+00,-4.7284200000e+00,7.1024400000e-03
483,4.8300000000e-01,3.8486003000e+00,-4.7480400000e+00,3.8557174550e+00,-4.7382300000e+00,7.1171550000e-03
484,4.8400000000e-01,3.8438424500e+00,-4.7578500000e+00,3.8509743200e+00,-4.7480400000e+00,7.1318700000e-03
485,4.8500000000e-01,3.8390747900e+00,-4.7676600000e+00,3.8462213750e+00,-4.7578500000e+00,7.1465850000e-03
486,4.8600000000e-01,3.8342973200e+00,-4.7774700000e+00,3.8414586200e+00,-4.7676600000e+00,7.1613000000e-03
487,4.8700000000e-01,3.8295100400e+00,-4.7872800000e+00,3.8366860550e+00,-4.7774700000e+00,7.1760150000e-03
488,4.8800000000e-01,3.8247129500e+00,-4.7970900000e+00,3.8319036800e+00,-4.7872800000e+00,7.1907300000e-03
489,4.8900000000e-01,3.8199060500e+00,-4.8069000000e+00,3.8271114950e+00,-4.7970900000e+00,7.2054450000e-03
490,4.9000000000e-01,3.8150893400e+00,-4.8167100000e+00,3.8223095000e+00,-4.8069000000e+00,7.2201600000e-03
491,4.9100000000e-01,3.8102628200e+00,-4.8265200000e+00,3.8174976950e+00,-4.8167100000e+00,7.2348750000e-03
492,4.9200000000e-01,3.8054264900e+00,-4.8363300000e+00,3.8126760800e+00,-4.8265200000e+00,7.2495900000e-03
493,4.9300000000e-01,3.8005803500e+00,-4.8461400000e+00,3.8078446550e+00,-4.8363300000e+00,7.2643050000e-03
494,4.9400000000e-01,3.7957244000e+00,-4.8559500000e+00,3.8030034200e+00,-4.8461400000e+00,7.2790200000e-03
495,4.9500000000e-01,3.7908586400e+00,-4.8657600000e+00,3.7981523750e+00,-4.8559500000e+00,7.2937350000e-03
496,4.9600000000e-01,3.7859830700e+00,-4.8755700000e+00,3.7932915200e+00,-4.8657600000e+00,7.3084500000e-03
497,4.9700000000e-01,3.7810976900e+00,-4.8853800000e+00,3.7884208550e+00,-4.8755700000e+00,7.3231650000e-03
498,4.9800000000e-01,3.7762025000e+00,-4.8951900000e+00,3.7835403800e+00,-4.8853800000e+00,7.3378800000e-03
499,4.9900000000e-01,3.7712975000e+00,-4.9050000000e+00,3.7786500950e+00,-4.8951900000e+00,7.3525950000e-03
500,5.0000000000e-01,3.7663826900e+00,-4.9148100000e+00,3.7737500000e+00,-4.9050000000e+00,7.3673100000e-03
501,5.0100000000e-01,3.7614580700e+00,-4.9246200000e+00,3.7688400950e+00,-4.9148100000e+00,7.3820250000e-03
502,5.0200000000e-01,3.7565236400e+00,-4.9344300000e+00,3.7639203800e+00,-4.9246200000e+00,7.3967400000e-03
503,5.0300000000e-01,3.7515794000e+00,-4.9442400000e+00,3.7589908550e+00,-4.9344300000e+00,7.4114550000e-03
504,5.0400000000e-01,3.7466253500e+00,-4.9540500000e+00,3.7540515200e+00,-4.9442400000e+00,7.4261700000e-03
505,5.0500000000e-01,3.7416614900e+00,-4.9638600000e+00,3.7491023750e+00,-4.9540500000e+00,7.4408850000e-03
506,5.0600000000e-01,3.7366878200e+00,-4.9736700000e+00,3.7441434200e+00,-4.9638600000e+00,7.4556000000e-03
507,5.0700000000e-01,3.7317043400e+00,-4.9834800000e+00,3.7391746550e+00,-4.9736700000e+00,7.4703150000e-03
508,5.0800000000e-01,3.7267110500e+00,-4.9932900000e+00,3.7341960800e+00,-4.9834800000e+00,7.4850300000e-03
509,5.0900000000e-01,3.7217079500e+00,-5.0031000000e+00,3.7292076950e+00,-4.9932900000e+00,7.4997450000e-03
510,5.1000000000e-01,3.7166950400e+00,-5.0129100000e+00,3.7242095000e+00,-5.0031000000e+00,7.5144600000e-03
511,5.1100000000e-01,3.7116723200e+00,-5.0227200000e+00,3.7192014950e+00,-5.0129100000e+00,7.5291750000e-03
512,5.1200000000e-01,3.7066397900e+00,-5.0325300000e+00,3.7141836800e+00,-5.0227200000e+00,7.5438900000e-03
513,5.1300000000e-01,3.7015974500e+00,-5.0423400000e+00,3.7091560550e+00,-5.0325300000e+00,7.5586050000e-03
514,5.1400000000e-01,3.6965453000e+00,-5.0521500000e+00,3.7041186200e+00,-5.0423400000e+00,7.5733200000e-03
515,5.1500000000e-01,3.6914833400e+00,-5.0619600000e+00,3.6990713750e+00,-5.0521500000e+00,7.5880350000e-03
516,5.1600000000e-01,3.6864115700e+00,-5.0717700000e+00,3.6940143200e+00,-5.0619600000e+00,7.6027500000e-03
517,5.1700000000e-01,3.6813299900e+00,-5.0815800000e+00,3.6889474550e+00,-5.0717700000e+00,7.6174650000e-03
518,5.1800000000e-01,3.6762386000e+00,-5.0913900000e+00,3.6838707800e+00,-5.0815800000e+00,7.6321800000e-03
519,5.1900000000e-01,3.6711374000e+00,-5.1012000000e+00,3.6787842950e+00,-5.0913900000e+00,7.6468950000e-03
520,5.2000000000e-01,3.6660263900e+00,-5.1110100000e+00,3.6736880000e+00,-5.1012000000e+00,7.6616100000e-03
521,5.2100000000e-01,3.6609055700e+00,-5.1208200000e+00,3.6685818950e+00,-5.1110100000e+00,7.6763250000e-03
522,5.2200000000e-01,3.6557749400e+00,-5.1306300000e+00,3.6634659800e+00,-5.1208200000e+00,7.6910400000e-03
523,5.2300000000e-01,3.6506345000e+00,-5.1404400000e+00,3.6583402550e+00,-5.1306300000e+00,7.7057550000e-03
524,5.2400000000e-01,3.6454842500e+00,-5.1502500000e+00,3.6532047200e+00,-5.1404400000e+00,7.7204700000e-03
525,5.2500000000e-01,3.6403241900e+00,-5.1600600000e+00,3.6480593750e+00,-5.1502500000e+00,7.7351850000e-03
526,5.2600000000e-01,3.6351543200e+00,-5.1698700000e+00,3.6429042200e+00,-5.1600600000e+00,7.7499000000e-03
527,5.2700000000e-01,3.6299746400e+00,-5.1796800000e+00,3.6377392550e+00,-5.1698700000e+00,7.7646150000e-03
528,5.2800000000e-01,3.6247851500e+00,-5.1894900000e+00,3.6325644800e+00,-5.1796800000e+00,7.7793300000e-03
529,5.2900000000e-01,3.6195858500e+00,-5.1993000000e+00,3.6273798950e+00,-5.1894900000e+00,7.7940450000e-03
530,5.3000000000e-01,3.6143767400e+00,-5.2091100000e+00,3.6221855000e+00,-5.1993000000e+00,7.8087600000e-03
531,5.3100000000e-01,3.6091578200e+00,-5.2189200000e+00,3.6169812950e+00,-5.2091100000e+00,7.8234750000e-03
532,5.3200000000e-01,3.6039290900e+00,-5.2287300000e+00,3.6117672800e+00,-5.2189200000e+00,7.8381900000e-03
533,5.3300000000e-01,3.5986905500e+00,-5.2385400000e+00,3.6065434550e+00,-5.2287300000e+00,7.8529050000e-03
534,5.3400000000e-01,3.5934422000e+00,-5.2483500000e+00,3.6013098200e+00,-5.2385400000e+00,7.8676200000e-03
535,5.3500000000e-01,3.5881840400e+00,-5.2581600000e+00,3.5960663750e+00,-5.2483500000e+00,7.8823350000e-03
536,5.3600000000e-01,3.5829160700e+00,-5.2679700000e+00,3.5908131200e+00,-5.2581600000e+00,7.8970500000e-03
537,5.3700000000e-01,3.5776382900e+00,-5.2777800000e+00,3.5855500550e+00,-5.2679700000e+00,7.9117650000e-03
538,5.3800000000e-01,3.5723507000e+00,-5.2875900000e+00,3.5802771800e+00,-5.2777800000e+00,7.9264800000e-03
539,5.3900000000e-01,3.5670533000e+00,-5.2974000000e+00,3.5749944950e+00,-5.2875900000e+00,7.9411950000e-03
540,5.4000000000e-01,3.5617460900e+00,-5.3072100000e+00,3.5697020000e+00,-5.2974000000e+00,7.9559100000e-03
541,5.4100000000e-01,3.5564290700e+00,-5.3170200000e+00,3.5643996950e+00,-5.3072100000e+00,7.9706250000e-03
542,5.4200000000e-01,3.5511022400e+00,-5.3268300000e+00,3.5590875800e+00,-5.3170200000e+00,7.9853400000e-03
543,5.4300000000e-01,3.5457656000e+00,-5.3366400000e+00,3.5537656550e+00,-5.3268300000e+00,8.0000550000e-03
544,5.4400000000e-01,3.5404191500e+00,-5.3464500000e+00,3.5484339200e+00,-5.3366400000e+00,8.0147700000e-03
545,5.4500000000e-01,3.5350628900e+00,-5.3562600000e+00,3.5430923750e+00,-5.3464500000e+00,8.0294850000e-03
546,5.4600000000e-01,3.5296968200e+00,-5.3660700000e+00,3.5377410200e+00,-5.3562600000e+00,8.0442000000e-03
547,5.4700000000e-01,3.5243209400e+00,-5.3758800000e+00,3.5323798550e+00,-5.3660700000e+00,8.0589150000e-03
548,5.4800000000e-01,3.5189352500e+00,-5.3856900000e+00,3.5270088800e+00,-5.3758800000e+00,8.0736300000e-03
549,5.4900000000e-01,3.5135397500e+00,-5.3955000000e+00,3.5216280950e+00,-5.3856900000e+00,8.0883450000e-03
550,5.5000000000e-01,3.5081344400e+00,-5.4053100000e+00,3.5162375000e+00,-5.3955000000e+00,8.1030600000e-03
551,5.5100000000e-01,3.5027193200e+00,-5.4151200000e+00,3.5108370950e+00,-5.4053100000e+00,8.1177750000e-03
552,5.5200000000e-01,3.4972943900e+00,-5.4249300000e+00,3.5054268800e+00,-5.4151200000e+00,8.1324900000e-03
553,5.5300000000e-01,3.4918596500e+00,-5.4347400000e+00,3.5000068550e+00,-5.4249300000e+00,8.1472050000e-03
554,5.5400000000e-01,3.4864151000e+00,-5.4445500000e+00,3.4945770200e+00,-5.4347400000e+00,8.1619200000e-03
555,5.5500000000e-01,3.4809607400e+00,-5.4543600000e+00,3.4891373750e+00,-5.4445500000e+00,8.1766350000e-03
556,5.5600000000e-01,3.4754965700e+00,-5.4641700000e+00,3.4836879200e+00,-5.4543600000e+00,8.1913500000e-03
557,5.5700000000e-01,3.4700225900e+00,-5.4739800000e+00,3.4782286550e+00,-5.4641700000e+00,8.2060650000e-03
558,5.5800000000e-01,3.4645388000e+00,-5.4837900000e+00,3.4727595800e+00,-5.4739800000e+00,8.2207800000e-03
559,5.5900000000e-01,3.4590452000e+00,-5.4936000000e+00,3.4672806950e+00,-5.4837900000e+00,8.2354950000e-03
560,5.6000000000e-01,3.4535417900e+00,-5.5034100000e+00,3.4617920000e+00,-5.4936000000e+00,8.2502100000e-03
561,5.6100000000e-01,3.4480285700e+00,-5.5132200000e+00,3.4562934950e+00,-5.5034100000e+00,8.2649250000e-03
562,5.6200000000e-01,3.4425055400e+00,-5.5230300000e+00,3.4507851800e+00,-5.5132200000e+00,8.2796400000e-03
563,5.6300000000e-01,3.4369727000e+00,-5.5328400000e+00,3.4452670550e+00,-5.5230300000e+00,8.2943550000e-03
564,5.6400000000e-01,3.4314300500e+00,-5.5426500000e+00,3.4397391200e+00,-5.5328400000e+00,8.3090700000e-03
565,5.6500000000e-01,3.4258775900e+00,-5.5524600000e+00,3.4342013750e+00,-5.5426500000e+00,8.3237850000e-03
566,5.6600000000e-01,3.4203153200e+00,-5.5622700000e+00,3.4286538200e+00,-5.5524600000e+00,8.3385000000e-03
567,5.6700000000e-01,3.4147432400e+00,-5.5720800000e+00,3.4230964550e+00,-5.5622700000e+00,8.3532150000e-03
568,5.6800000000e-01,3.4091613500e+00,-5.5818900000e+00,3.4175292800e+00,-5.5720800000e+00,8.3679300000e-03
569,5.6900000000e-01,3.4035696500e+00,-5.5917000000e+00,3.4119522950e+00,-5.5818900000e+00,8.3826450000e-03
570,5.7000000000e-01,3.3979681400e+00,-5.6015100000e+00,3.4063655000e+00,-5.5917000000e+00,8.3973600000e-03
571,5.7100000000e-01,3.3923568200e+00,-5.6113200000e+00,3.4007688950e+00,-5.6015100000e+00,8.4120750000e-03
572,5.7200000000e-01,3.3867356900e+00,-5.6211300000e+00,3.3951624800e+00,-5.6113200000e+00,8.4267900000e-03
573,5.7300000000e-01,3.3811047500e+00,-5.6309400000e+00,3.3895462550e+00,-5.6211300000e+00,8.4415050000e-03
574,5.7400000000e-01,3.3754640000e+00,-5.6407500000e+00,3.3839202200e+00,-5.6309400000e+00,8.4562200000e-03
575,5.7500000000e-01,3.3698134400e+00,-5.6505600000e+00,3.3782843750e+00,-5.6407500000e+00,8.4709350000e-03
576,5.7600000000e-01,3.3641530700e+00,-5.6603700000e+00,3.3726387200e+00,-5.6505600000e+00,8.4856500000e-03
577,5.7700000000e-01,3.3584828900e+00,-5.6701800000e+00,3.3669832550e+00,-5.6603700000e+00,8.5003650000e-03
578,5.7800000000e-01,3.3528029000e+00,-5.6799900000e+00,3.3613179800e+00,-5.6701800000e+00,8.5150800000e-03
579,5.7900000000e-01,3.3471131000e+00,-5.6898000000e+00,3.3556428950e+00,-5.6799900000e+00,8.5297950000e-03
580,5.8000000000e-01,3.3414134900e+00,-5.6996100000e+00,3.3499580000e+00,-5.6898000000e+00,8.5445100000e-03
581,5.8100000000e-01,3.3357040700e+00,-5.7094200000e+00,3.3442632950e+00,-5.6996100000e+00,8.5592250000e-03
582,5.8200000000e-01,3.3299848400e+00,-5.7192300000e+00,3.3385587800e+00,-5.7094200000e+00,8.5739400000e-03
583,5.8300000000e-01,3.3242558000e+00,-5.7290400000e+00,3.3328444550e+00,-5.7192300000e+00,8.5886550000e-03
584,5.8400000000e-01,3.3185169500e+00,-5.7388500000e+00,3.3271203200e+00,-5.7290400000e+00,8.6033700000e-03
585,5.8500000000e-01,3.3127682900e+00,-5.7486600000e+00,3.3213863750e+00,-5.7388500000e+00,8.6180850000e-03
586,5.8600000000e-01,3.3070098200e+00,-5.7584700000e+00,3.3156426200e+00,-5.7486600000e+00,8.6328000000e-03
587,5.8700000000e-01,3.3012415400e+00,-5.7682800000e+00,3.3098890550e+00,-5.7584700000e+00,8.6475150000e-03
588,5.8800000000e-01,3.2954634500e+00,-5.7780900000e+00,3.3041256800e+00,-5.7682800000e+00,8.6622300000e-03
589,5.8900000000e-01,3.2896755500e+00,-5.7879000000e+00,3.2983524950e+00,-5.7780900000e+00,8.6769450000e-03
590,5.9000000000e-01,3.2838778400e+00,-5.7977100000e+00,3.2925695000e+00,-5.7879000000e+00,8.6916600000e-03
591,5.9100000000e-01,3.2780703200e+00,-5.8075200000e+00,3.2867766950e+00,-5.7977100000e+00,8.7063750000e-03
592,5.9200000000e-01,3.2722529900e+00,-5.8173300000e+00,3.2809740800e+00,-5.8075200000e+00,8.7210900000e-03
593,5.9300000000e-01,3.2664258500e+00,-5.8271400000e+00,3.2751616550e+00,-5.8173300000e+00,8.7358050000e-03
594,5.9400000000e-01,3.2605889000e+00,-5.8369500000e+00,3.2693394200e+00,-5.8271400000e+00,8.7505200000e-03
595,5.9500000000e-01,3.2547421400e+00,-5.8467600000e+00,3.2635073750e+00,-5.8369500000e+00,8.7652350000e-03
596,5.9600000000e-01,3.2488855700e+00,-5.8565700000e+00,3.2576655200e+00,-5.8467600000e+00,8.7799500000e-03
597,5.9700000000e-01,3.2430191900e+00,-5.8663800000e+00,3.2518138550e+00,-5.8565700000e+00,8.7946650000e-03
598,5.9800000000e-01,3.2371430000e+00,-5.8761900000e+00,3.2459523800e+00,-5.8663800000e+00,8.8093800000e-03
599,5.9900000000e-01,3.2312570000e+00,-5.8860000000e+00,3.2400810950e+00,-5.8761900000e+00,8.8240950000e-03
600,6.0000000000e-01,3.2253611900e+00,-5.8958100000e+00,3.2342000000e+00,-5.8860000000e+00,8.8388100000e-03
